{"cameraMode":{"drawMode":0,"name":"Shaded","section":"Shading Mode"},"sceneLighting":true,"audioPlay":false,"sceneViewState":{"showFog":true,"showMaterialUpdate":false,"showSkybox":true,"showFlares":true,"showImageEffects":true,"showParticleSystems":true,"showVisualEffectGraphs":true},"in2DMode":false,"pivot":{"x":499.4999694824219,"y":1.322377324104309,"z":487.75579833984377},"rotation":{"x":-0.17799721658229829,"y":-0.5341927409172058,"z":0.11621219664812088,"w":-0.8181995749473572},"size":517.33544921875,"orthographic":false}