{"cameraMode":{"drawMode":0,"name":"Shaded","section":"Shading Mode"},"sceneLighting":true,"audioPlay":false,"sceneViewState":{"showFog":true,"showMaterialUpdate":false,"showSkybox":true,"showFlares":true,"showImageEffects":true,"showParticleSystems":true},"in2DMode":false,"pivot":{"x":499.4999694824219,"y":1.322377324104309,"z":487.75579833984377},"rotation":{"x":-0.1284753531217575,"y":-0.8400195837020874,"z":0.22680339217185975,"w":-0.47583842277526858},"size":888.6043090820313,"orthographic":false}